Nama,Kategori,Deskripsi
Galabo Solo,Food,"Galabo Solo, makanan khas solo, restoran, tempat makan, pusat kuliner"
Serabi Notosuman,Food,"Serabi Notosuman, oleh-oleh, makanan khas solo, manis"
Nasi Liwet Yu Sani Gemblegan,Food,"Nasi Liwet Yu Sani Gemblegan, makanan khas solo, nasi liwet, tempat makan"
Tengkleng Pak Manto,Food,"Tengkleng Pak Manto, makanan khas solo, kambing, kuliner, daging"
Selat Solo Vien's,Food,"Selat Solo Vien's, makanan khas solo, kuliner"
Dapur Solo,Food,"Dapur Solo, makanan khas solo, jawa, kuliner"
Teradisional,Food,"Teradisional, makanan, otentik, pizza, italia, pasta"
Monumen 45 Banjarsari,Historical,"Monumen 45 Banjarsari, sejarah"
Candi Cetho,Historical,"Candi Cetho, sejarah"
Benteng Vastenburg,Historical,"Benteng Vastenburg, sejarah"
Keraton Kasunanan Surakarta,Historical,"Keraton Kasunanan Surakarta, sejarah"
Pura Mangkunegaran,Historical,"Pura Mangkunegaran, sejarah"
Candi Sukuh,Historical,"Candi Sukuh, sejarah"
Candi Kethek,Historical,"Candi Kethek, sejarah"
De Tjolomadoe,Museum,"De Tjolomadoe, "
Rasamadu Heritage,Museum,"Rasamadu Heritage, wisata instagramable, tempat foto estetik, antik"
Museum Batik Danar Hadi,Museum,"Museum Batik Danar Hadi, "
Museum Radya Pustaka,Museum,"Museum Radya Pustaka, "
Museum Manusia Purba Sangiran,Museum,"Museum Manusia Purba Sangiran, "
Tumurun Private Museum,Museum,"Tumurun Private Museum, "
Lokananta,Museum,"Lokananta, "
Monumen Pers Nasional,Museum,"Monumen Pers Nasional,"
Museum Manusia Purba Klaster Ngebung,Museum,"Museum Manusia Purba Klaster Ngebung, "
Museum R Hamong Wardoyo,Museum,"Museum R Hamong Wardoyo, "
Air Terjun Jumog,Nature & Adventure,"Air Terjun Jumog, alam, segar"
Telaga Madirda,Nature & Adventure,"Telaga Madirda, alam"
Grojogan Sewu Tawangmangu,Nature & Adventure,"Grojogan Sewu Tawangmangu, alam"
Taman Hutan Rakyat,Nature & Adventure,"Taman Hutan Rakyat, alam, asri"
Kebun Strawberry Karanganyar,Nature & Adventure,"Kebun Strawberry Karanganyar, alam, asri, buah, segar"
Agrowisata Sondokoro Karanganyar,Nature & Adventure,"Agrowisata Sondokoro Karanganyar, alam"
Bumi Perkemahan Sekipan,Nature & Adventure,"Bumi Perkemahan Sekipan, alam, asri"
Bendungan Colo,Nature & Adventure,"Bendungan Colo, alam"
Waduk Gajah Mungkur,Nature & Adventure,"Waduk Gajah Mungkur, alam"
Gunung Lawu,Nature & Adventure,Gunung Lawu
Gunung Merbabu,Nature & Adventure,Gunung Merbabu
Gunung Sepikul,Nature & Adventure,Gunung Sepikul
Bukit Cumbri,Nature & Adventure,Bukit Cumbri
Pantai Karang Payung,Nature & Adventure,"Pantai Karang Payung, karang, pasir putih, dan ombak laut, camping, rekreasi alam keluarga"
Telaga Biru Sukoharjo,Nature & Adventure,"Telaga Biru Sukoharjo, destinasi wisata, air, rekreasi keluarga, alam"
Randubang,Nature & Adventure,"Randubang, wisata alam, air, objek, batu, dinding kapur, panorama pegunungan perbukitan"
Alas Bromo,Nature & Adventure,"Alas Bromo, wisata hutan, asri, kambing, rusa totol, hingga kupu-kupu cantik, hutan bromo, Elang Brontok, foto aesthetic. estetik, asri"
Lawu Park ATV Riding,Nature & Adventure,"Lawu Park ATV Riding, taman rekreasi, taman bermain, outbound, alam, keluarga"
Lawu Offroad Community,Nature & Adventure,"Lawu Offroad Community, taman rekreasi, taman bermain, mobil,outbound, rekreasi alam, keluarga"
Lawu Park Flying Fox,Nature & Adventure,"Lawu Park Flying Fox, taman rekreasi, taman bermain, outbound, rekreasi alam, keluarga"
Lawu Park Trail Motorcycle,Nature & Adventure,"Lawu Park Trail Motorcycle, taman rekreasi, taman bermain, motor, outbound, rekreasi alam, keluarga"
Lawu Park Jeep Wisata,Nature & Adventure,"Lawu Park Jeep Wisata, taman rekreasi, taman bermain, outbound,rekreasi alam, keluarga"
Lawu Park Horse Riding,Nature & Adventure,"Lawu Park Horse Riding, taman rekreasi, taman bermain, berkuda,outbound, rekreasi alam, keluarga"
Paralayang Kemuning,Nature & Adventure,"Paralayang Kemuning, outbound, rekreasi alam, olahraga, ketinggian, terbang, keluarga"
New Rivermoon,Nature & Adventure,"New Rivermoon, river tubing, kali pusur, outbound, restoran, restaurant, tempat makan dan bermain, rekreasi alam, keluarga"
Kali Pucung,Nature & Adventure,"Kali Pucung, river tubing, karanganyar, outbound, wisata jeep, kereta wisata, atv, rekreasi alam, keluarga"
Senatah Adventure,Nature & Adventure,"Senatah Adventure, river tubing, wisata jeep, Wisata Kebun Buah, Wisata Kuliner, rekreasi alam, keluarga"
Kali Pring Kuning,Nature & Adventure,"Kali Pring Kuning, River tubing, Fun game, Jeepwisata, paralayang, outbound, rekreasi alam, keluarga"
Lawu Park Rabbit Park,Nature & Adventure,"Lawu Park Rabbit Park, Resor pegunungan, kelinci , domba, zona salju, kabin glamping, rekreasi alam, keluarga"
Lawu Park High Rope,Nature & Adventure,"Lawu Park High Rope, ketinggian, tali, rekreasi alam, keluarga"
Lawu Park Sheep Park,Nature & Adventure,"Lawu Park Sheep Park, keluarga, domba, taman, lucu, kuliner"
Kemuning Sky Hills,Nature & Adventure,"Kemuning Sky Hills, panorama alam, jembatan kaca, dataran tinggi, kebun teh, Flying fox, Menaiki Jeep, ATV, Paralayang, Giant swing,, Restoran dan cafe"
Taman Balekambang,Park,"Taman Balekambang, hiburan, rekreasi, pertunjukan, amphiteater, air mancur"
Cepogo Cheese Park,Park,"Cepogo Cheese Park, Taman rekreasi dan edukasi, keluarga, pemandangan alam, keju, farm petting zoo, kebun binatang pertanian, cimory, dairyland, spot foto Instagrammable, playground buat anak-anak, ATV, mini zoo, kelinci, kambing, burung merpati, restoran, minuman segar"
Intan Pari Waterpark,Waterpark,"Intan Pari Waterpark, kolam renang, rekreasi keluarga, air"
Dolphin Tugu Waterpark,Waterpark,"Dolphin Tugu Waterpark, kolam renang, rekreasi keluarga, air"
Pitik Cilik Waterpark,Waterpark,"Pitik Cilik Waterpark, kolam renang, rekreasi keluarga, air"
Summerland Tirta Mas,Waterpark,"Summerland Tirta Mas, kolam renang, rekreasi keluarga, air"
Intan Pari Waterland,Waterpark,"Intan Pari Waterland, rekreasi keluarga, air"
Taman Plesungan Indah,Waterpark,"Taman Plesungan Indah, rekreasi keluarga, kolam renang, air"
Royal Water Adventure,Waterpark,"Royal Water Adventure, rekreasi keluarga, kolam renang, air"
Pandawa Water World,Waterpark,"Pandawa Water World, rekreasi keluarga, kolam renang, air"
Solo Safari,Zoo,"Solo Safari, rekreasi keluarga, hewan, kebun binatang, zoo"